-- phpMyAdmin SQL Dump
-- version 3.5.1
-- http://www.phpmyadmin.net
--
-- Host: localhost
-- Generation Time: Apr 16, 2013 at 03:50 PM
-- Server version: 5.5.24-log
-- PHP Version: 5.3.13

SET SQL_MODE="NO_AUTO_VALUE_ON_ZERO";
SET time_zone = "+00:00";


/*!40101 SET @OLD_CHARACTER_SET_CLIENT=@@CHARACTER_SET_CLIENT */;
/*!40101 SET @OLD_CHARACTER_SET_RESULTS=@@CHARACTER_SET_RESULTS */;
/*!40101 SET @OLD_COLLATION_CONNECTION=@@COLLATION_CONNECTION */;
/*!40101 SET NAMES utf8 */;

--
-- Database: `cards`
--

-- --------------------------------------------------------

--
-- Table structure for table `answers`
--

CREATE TABLE IF NOT EXISTS `answers` (
  `cardText` varchar(450) NOT NULL,
  `room` int(9) NOT NULL,
  `player` int(10) NOT NULL
) ENGINE=InnoDB DEFAULT CHARSET=latin1;

-- --------------------------------------------------------

--
-- Table structure for table `blackdist`
--

CREATE TABLE IF NOT EXISTS `blackdist` (
  `card` int(10) NOT NULL,
  `room` int(9) NOT NULL,
  `played` int(1) NOT NULL COMMENT '0 if false, 1 for true',
  `active` int(1) NOT NULL COMMENT '0 for inactive, 1 if currently being played'
) ENGINE=InnoDB DEFAULT CHARSET=latin1;

--
-- Dumping data for table `blackdist`
--

INSERT INTO `blackdist` (`card`, `room`, `played`, `active`) VALUES
(1216, 15, 0, 1),
(1175, 15, 0, 0),
(1168, 15, 0, 0),
(1201, 15, 0, 0),
(1218, 15, 0, 0),
(1146, 15, 0, 0),
(1174, 15, 0, 0),
(1199, 15, 0, 0),
(1153, 15, 0, 0),
(1158, 15, 0, 0),
(1214, 15, 0, 0),
(1155, 15, 0, 0),
(1193, 15, 0, 0),
(1197, 15, 0, 0),
(1179, 15, 0, 0),
(1205, 15, 0, 0),
(1169, 15, 0, 0),
(1207, 15, 0, 0),
(1162, 15, 0, 0),
(1152, 15, 0, 0),
(1194, 15, 0, 0),
(1171, 15, 0, 0),
(1143, 15, 0, 0),
(1154, 15, 0, 0),
(1145, 15, 0, 0),
(1146, 16, 0, 1),
(1143, 16, 0, 0),
(1158, 16, 0, 0),
(1207, 16, 0, 0),
(1171, 16, 0, 0),
(1193, 16, 0, 0),
(1214, 16, 0, 0),
(1216, 16, 0, 0),
(1199, 16, 0, 0),
(1174, 16, 0, 0),
(1197, 16, 0, 0),
(1145, 16, 0, 0),
(1153, 16, 0, 0),
(1155, 16, 0, 0),
(1201, 16, 0, 0),
(1154, 16, 0, 0),
(1194, 16, 0, 0),
(1175, 16, 0, 0),
(1168, 16, 0, 0),
(1218, 16, 0, 0),
(1205, 16, 0, 0),
(1162, 16, 0, 0),
(1179, 16, 0, 0),
(1169, 16, 0, 0),
(1152, 16, 0, 0);

-- --------------------------------------------------------

--
-- Table structure for table `carddist`
--

CREATE TABLE IF NOT EXISTS `carddist` (
  `card` int(10) NOT NULL,
  `player` int(10) NOT NULL,
  `room` int(9) NOT NULL,
  `played` int(1) NOT NULL COMMENT '0 if card has not been played, 1 if card has been played.'
) ENGINE=InnoDB DEFAULT CHARSET=latin1;

--
-- Dumping data for table `carddist`
--

INSERT INTO `carddist` (`card`, `player`, `room`, `played`) VALUES
(1017, 0, 15, 0),
(673, 0, 15, 0),
(617, 0, 15, 0),
(823, 0, 15, 0),
(928, 0, 15, 0),
(775, 0, 15, 0),
(1123, 0, 15, 0),
(787, 0, 15, 0),
(852, 0, 15, 0),
(754, 0, 15, 0),
(1035, 0, 15, 0),
(891, 0, 15, 0),
(971, 0, 15, 0),
(595, 0, 15, 0),
(643, 0, 15, 0),
(973, 0, 15, 0),
(728, 0, 15, 0),
(907, 0, 15, 0),
(1016, 0, 15, 0),
(767, 0, 15, 0),
(1095, 0, 15, 0),
(708, 0, 15, 0),
(589, 0, 15, 0),
(620, 0, 15, 0),
(786, 0, 15, 0),
(611, 0, 15, 0),
(933, 0, 15, 0),
(952, 0, 15, 0),
(1015, 0, 15, 0),
(1075, 0, 15, 0),
(642, 0, 15, 0),
(634, 0, 15, 0),
(691, 0, 15, 0),
(1007, 0, 15, 0),
(959, 0, 15, 0),
(904, 0, 15, 0),
(858, 0, 15, 0),
(785, 0, 15, 0),
(827, 0, 15, 0),
(1014, 0, 15, 0),
(1063, 0, 15, 0),
(936, 0, 15, 0),
(976, 0, 15, 0),
(906, 0, 15, 0),
(982, 0, 15, 0),
(792, 0, 15, 0),
(736, 0, 15, 0),
(1024, 0, 15, 0),
(1121, 0, 15, 0),
(953, 0, 15, 0),
(876, 0, 15, 0),
(937, 0, 15, 0),
(1005, 0, 15, 0),
(1013, 0, 15, 0),
(897, 0, 15, 0),
(1047, 0, 15, 0),
(997, 0, 15, 0),
(1065, 0, 15, 0),
(964, 0, 15, 0),
(648, 0, 15, 0),
(748, 0, 15, 0),
(1079, 0, 15, 0),
(898, 0, 15, 0),
(806, 0, 15, 0),
(747, 0, 15, 0),
(808, 0, 15, 0),
(724, 0, 15, 0),
(841, 0, 15, 0),
(768, 0, 15, 0),
(822, 0, 15, 0),
(832, 0, 15, 0),
(659, 0, 15, 0),
(588, 0, 15, 0),
(656, 0, 15, 0),
(817, 0, 15, 0),
(1077, 0, 15, 0),
(781, 0, 15, 0),
(920, 0, 15, 0),
(1012, 0, 15, 0),
(637, 0, 15, 0),
(802, 0, 15, 0),
(762, 0, 15, 0),
(695, 0, 15, 0),
(593, 0, 15, 0),
(1060, 0, 15, 0),
(850, 0, 15, 0),
(652, 0, 15, 0),
(660, 0, 15, 0),
(879, 0, 15, 0),
(929, 0, 15, 0),
(761, 0, 15, 0),
(704, 0, 15, 0),
(1056, 0, 15, 0),
(743, 0, 15, 0),
(1103, 0, 15, 0),
(901, 0, 15, 0),
(633, 0, 15, 0),
(701, 0, 15, 0),
(956, 0, 15, 0),
(1119, 0, 15, 0),
(978, 0, 15, 0),
(651, 0, 15, 0),
(686, 0, 15, 0),
(1038, 0, 15, 0),
(714, 0, 15, 0),
(626, 0, 15, 0),
(1009, 0, 15, 0),
(639, 0, 15, 0),
(893, 0, 15, 0),
(735, 0, 15, 0),
(1094, 0, 15, 0),
(1011, 0, 15, 0),
(918, 0, 15, 0),
(1031, 0, 15, 0),
(749, 0, 15, 0),
(770, 0, 15, 0),
(685, 0, 15, 0),
(828, 0, 15, 0),
(955, 0, 15, 0),
(972, 0, 15, 0),
(630, 0, 15, 0),
(1108, 0, 15, 0),
(1071, 0, 15, 0),
(924, 0, 15, 0),
(917, 0, 15, 0),
(653, 0, 15, 0),
(678, 0, 15, 0),
(1043, 0, 15, 0),
(760, 0, 15, 0),
(938, 0, 15, 0),
(763, 0, 15, 0),
(875, 0, 15, 0),
(1072, 0, 15, 0),
(706, 0, 15, 0),
(965, 0, 15, 0),
(810, 0, 15, 0),
(1089, 0, 15, 0),
(942, 0, 15, 0),
(676, 0, 15, 0),
(957, 0, 15, 0),
(782, 0, 15, 0),
(755, 0, 15, 0),
(899, 0, 15, 0),
(855, 0, 15, 0),
(723, 0, 15, 0),
(825, 0, 15, 0),
(1040, 0, 15, 0),
(837, 0, 15, 0),
(881, 0, 15, 0),
(619, 0, 15, 0),
(946, 0, 15, 0),
(790, 0, 15, 0),
(740, 0, 15, 0),
(970, 0, 15, 0),
(777, 0, 15, 0),
(944, 0, 15, 0),
(1068, 0, 15, 0),
(756, 0, 15, 0),
(954, 0, 15, 0),
(1069, 0, 15, 0),
(975, 0, 15, 0),
(868, 0, 15, 0),
(687, 0, 15, 0),
(1078, 0, 15, 0),
(1109, 0, 15, 0),
(916, 0, 15, 0),
(857, 0, 15, 0),
(690, 0, 15, 0),
(1033, 0, 15, 0),
(884, 0, 15, 0),
(1105, 0, 15, 0),
(638, 0, 15, 0),
(759, 0, 15, 0),
(1120, 0, 15, 0),
(621, 0, 15, 0),
(742, 0, 15, 0),
(804, 0, 15, 0),
(882, 0, 15, 0),
(692, 0, 15, 0),
(719, 0, 15, 0),
(766, 0, 15, 0),
(919, 0, 15, 0),
(880, 0, 15, 0),
(819, 0, 15, 0),
(803, 0, 15, 0),
(865, 0, 15, 0),
(874, 0, 15, 0),
(606, 0, 15, 0),
(1020, 0, 15, 0),
(1125, 0, 15, 0),
(926, 0, 15, 0),
(826, 0, 15, 0),
(1051, 0, 15, 0),
(1067, 0, 15, 0),
(859, 0, 15, 0),
(661, 0, 15, 0),
(1055, 0, 15, 0),
(1029, 0, 15, 0),
(779, 0, 15, 0),
(925, 0, 15, 0),
(596, 0, 15, 0),
(731, 0, 15, 0),
(641, 0, 15, 0),
(912, 0, 15, 0),
(911, 0, 15, 0),
(703, 0, 15, 0),
(1102, 0, 15, 0),
(1059, 0, 15, 0),
(848, 0, 15, 0),
(1042, 0, 15, 0),
(624, 0, 15, 0),
(696, 0, 15, 0),
(894, 0, 15, 0),
(871, 0, 15, 0),
(995, 0, 15, 0),
(670, 0, 15, 0),
(931, 0, 15, 0),
(905, 0, 15, 0),
(698, 0, 15, 0),
(1122, 0, 15, 0),
(1076, 0, 15, 0),
(813, 0, 15, 0),
(909, 0, 15, 0),
(1111, 0, 15, 0),
(1037, 0, 15, 0),
(998, 0, 15, 0),
(618, 0, 15, 0),
(636, 0, 15, 0),
(979, 0, 15, 0),
(758, 0, 15, 0),
(1061, 0, 15, 0),
(780, 0, 15, 0),
(988, 0, 15, 0),
(969, 0, 15, 0),
(669, 0, 15, 0),
(974, 0, 15, 0),
(812, 0, 15, 0),
(613, 0, 15, 0),
(981, 0, 15, 0),
(1045, 0, 15, 0),
(977, 0, 15, 0),
(878, 0, 15, 0),
(710, 0, 15, 0),
(1099, 0, 15, 0),
(1030, 0, 15, 0),
(658, 0, 15, 0),
(984, 0, 15, 0),
(663, 0, 15, 0),
(771, 0, 15, 0),
(987, 0, 15, 0),
(950, 0, 15, 0),
(1028, 0, 15, 0),
(769, 0, 15, 0),
(709, 0, 15, 0),
(1000, 0, 15, 0),
(631, 0, 15, 0),
(809, 0, 15, 0),
(820, 0, 15, 0),
(1003, 0, 15, 0),
(1073, 0, 15, 0),
(739, 0, 15, 0),
(1004, 0, 15, 0),
(681, 0, 15, 0),
(821, 0, 15, 0),
(1066, 0, 15, 0),
(662, 0, 15, 0),
(947, 0, 15, 0),
(1022, 0, 15, 0),
(705, 0, 15, 0),
(752, 0, 15, 0),
(707, 0, 15, 0),
(1087, 0, 15, 0),
(838, 0, 15, 0),
(910, 0, 15, 0),
(693, 0, 15, 0),
(1096, 0, 15, 0),
(1039, 0, 15, 0),
(622, 0, 15, 0),
(846, 0, 15, 0),
(1104, 0, 15, 0),
(962, 0, 15, 0),
(934, 0, 15, 0),
(888, 0, 15, 0),
(1092, 0, 15, 0),
(1115, 0, 15, 0),
(649, 0, 15, 0),
(796, 0, 15, 0),
(1032, 0, 15, 0),
(650, 0, 15, 0),
(791, 0, 15, 0),
(1107, 0, 15, 0),
(1025, 0, 15, 0),
(993, 0, 15, 0),
(1049, 0, 15, 0),
(943, 0, 15, 0),
(831, 0, 15, 0),
(607, 0, 15, 0),
(836, 0, 15, 0),
(949, 0, 15, 0),
(646, 0, 15, 0),
(789, 0, 15, 0),
(655, 0, 15, 0),
(684, 0, 15, 0),
(1100, 0, 15, 0),
(927, 0, 15, 0),
(1070, 0, 15, 0),
(599, 0, 15, 0),
(895, 0, 15, 0),
(805, 0, 15, 0),
(793, 0, 15, 0),
(1019, 0, 15, 0),
(945, 0, 15, 0),
(1050, 0, 15, 0),
(985, 0, 15, 0),
(683, 0, 15, 0),
(830, 0, 15, 0),
(1057, 0, 15, 0),
(921, 0, 15, 0),
(700, 0, 15, 0),
(1084, 0, 15, 0),
(872, 0, 15, 0),
(726, 0, 15, 0),
(811, 0, 15, 0),
(862, 0, 15, 0),
(614, 0, 15, 0),
(1091, 0, 15, 0),
(991, 0, 15, 0),
(1001, 0, 15, 0),
(1041, 0, 15, 0),
(1080, 0, 15, 0),
(824, 0, 15, 0),
(1086, 0, 15, 0),
(654, 0, 15, 0),
(1101, 0, 15, 0),
(1112, 0, 15, 0),
(795, 0, 15, 0),
(1064, 0, 15, 0),
(967, 0, 15, 0),
(745, 0, 15, 0),
(887, 0, 15, 0),
(1058, 0, 15, 0),
(715, 0, 15, 0),
(845, 0, 15, 0),
(757, 0, 15, 0),
(834, 0, 15, 0),
(842, 0, 15, 0),
(1008, 0, 15, 0),
(666, 0, 15, 0),
(1114, 0, 15, 0),
(1124, 0, 15, 0),
(986, 0, 15, 0),
(628, 0, 15, 0),
(672, 0, 15, 0),
(996, 0, 15, 0),
(849, 0, 15, 0),
(807, 0, 15, 0),
(645, 0, 15, 0),
(968, 0, 15, 0),
(1002, 0, 15, 0),
(851, 0, 15, 0),
(961, 0, 15, 0),
(1026, 0, 15, 0),
(1036, 0, 15, 0),
(625, 0, 15, 0),
(940, 0, 15, 0),
(992, 0, 15, 0),
(603, 0, 15, 0),
(1117, 0, 15, 0),
(1082, 0, 15, 0),
(750, 0, 15, 0),
(951, 0, 15, 0),
(598, 0, 15, 0),
(764, 0, 15, 0),
(1027, 0, 15, 0),
(774, 0, 15, 0),
(679, 0, 15, 0),
(635, 0, 15, 0),
(1097, 0, 15, 0),
(605, 0, 15, 0),
(722, 0, 15, 0),
(730, 0, 15, 0),
(890, 0, 15, 0),
(818, 0, 15, 0),
(877, 0, 15, 0),
(697, 0, 15, 0),
(615, 0, 15, 0),
(1083, 0, 15, 0),
(784, 0, 15, 0),
(713, 0, 15, 0),
(922, 0, 15, 0),
(610, 0, 15, 0),
(935, 0, 15, 0),
(729, 0, 15, 0),
(963, 0, 15, 0),
(694, 0, 15, 0),
(915, 0, 15, 0),
(958, 0, 15, 0),
(720, 0, 15, 0),
(863, 0, 15, 0),
(604, 0, 15, 0),
(716, 0, 15, 0),
(657, 0, 15, 0),
(980, 0, 15, 0),
(1053, 0, 15, 0),
(1088, 0, 15, 0),
(1048, 0, 15, 0),
(930, 0, 15, 0),
(727, 0, 15, 0),
(1034, 0, 15, 0),
(801, 0, 15, 0),
(738, 0, 15, 0),
(1126, 0, 15, 0),
(590, 0, 15, 0),
(896, 0, 15, 0),
(667, 0, 15, 0),
(725, 0, 15, 0),
(860, 0, 15, 0),
(677, 0, 15, 0),
(671, 0, 15, 0),
(737, 0, 15, 0),
(861, 0, 15, 0),
(833, 0, 15, 0),
(721, 0, 15, 0),
(913, 0, 15, 0),
(856, 0, 15, 0),
(746, 0, 15, 0),
(732, 0, 15, 0),
(847, 0, 15, 0),
(623, 0, 15, 0),
(689, 0, 15, 0),
(1044, 0, 15, 0),
(675, 0, 15, 0),
(744, 0, 15, 0),
(854, 0, 15, 0),
(990, 0, 15, 0),
(741, 0, 15, 0),
(914, 0, 15, 0),
(994, 0, 15, 0),
(948, 0, 15, 0),
(682, 0, 15, 0),
(892, 0, 15, 0),
(627, 0, 15, 0),
(989, 0, 15, 0),
(867, 0, 15, 0),
(629, 0, 15, 0),
(616, 0, 15, 0),
(829, 0, 15, 0),
(778, 0, 15, 0),
(873, 0, 15, 0),
(814, 0, 15, 0),
(665, 0, 15, 0),
(870, 0, 15, 0),
(1118, 0, 15, 0),
(776, 0, 15, 0),
(717, 0, 15, 0),
(711, 0, 15, 0),
(1006, 0, 15, 0),
(591, 0, 15, 0),
(587, 0, 15, 0),
(883, 0, 15, 0),
(941, 0, 15, 0),
(773, 0, 15, 0),
(712, 0, 15, 0),
(664, 0, 15, 0),
(1090, 0, 15, 0),
(1110, 0, 15, 0),
(772, 0, 15, 0),
(932, 0, 15, 0),
(966, 0, 15, 0),
(939, 0, 15, 0),
(733, 0, 15, 0),
(1116, 0, 15, 0),
(594, 0, 15, 0),
(889, 0, 15, 0),
(902, 0, 15, 0),
(1062, 0, 15, 0),
(923, 0, 15, 0),
(765, 0, 15, 0),
(815, 0, 15, 0),
(908, 0, 15, 0),
(1046, 0, 15, 0),
(783, 0, 15, 0),
(794, 0, 15, 0),
(1106, 0, 15, 0),
(1085, 0, 15, 0),
(886, 0, 15, 0),
(602, 0, 15, 0),
(612, 0, 15, 0),
(609, 0, 15, 0),
(835, 0, 15, 0),
(1074, 0, 15, 0),
(1021, 0, 15, 0),
(839, 0, 15, 0),
(844, 0, 15, 0),
(1018, 0, 15, 0),
(788, 0, 15, 0),
(1113, 0, 15, 0),
(753, 0, 15, 0),
(1098, 0, 15, 0),
(864, 0, 15, 0),
(1081, 0, 15, 0),
(800, 0, 15, 0),
(751, 0, 15, 0),
(680, 0, 15, 0),
(1023, 0, 15, 0),
(797, 0, 15, 0),
(983, 0, 15, 0),
(632, 0, 15, 0),
(688, 0, 15, 0),
(1054, 0, 15, 0),
(608, 0, 15, 0),
(903, 0, 15, 0),
(592, 0, 15, 0),
(644, 0, 15, 0),
(869, 0, 15, 0),
(1010, 0, 15, 0),
(798, 0, 15, 0),
(799, 0, 15, 0),
(601, 0, 15, 0),
(600, 0, 15, 0),
(674, 0, 15, 0),
(816, 0, 15, 0),
(885, 0, 15, 0),
(960, 0, 15, 0),
(734, 0, 15, 0),
(668, 0, 15, 0),
(853, 0, 15, 0),
(999, 0, 15, 0),
(840, 0, 15, 0),
(1052, 0, 15, 0),
(866, 0, 15, 0),
(718, 0, 15, 0),
(843, 0, 15, 0),
(597, 0, 15, 0),
(1093, 0, 15, 0),
(647, 0, 15, 0),
(702, 0, 15, 0),
(900, 0, 15, 0),
(699, 0, 15, 0),
(640, 0, 15, 0),
(1009, 0, 16, 0),
(1033, 0, 16, 0),
(1027, 0, 16, 0),
(912, 0, 16, 0),
(992, 0, 16, 0),
(1058, 0, 16, 0),
(1089, 0, 16, 0),
(636, 0, 16, 0),
(626, 0, 16, 0),
(1007, 0, 16, 0),
(1014, 0, 16, 0),
(1001, 0, 16, 0),
(588, 0, 16, 0),
(1076, 0, 16, 0),
(657, 0, 16, 0),
(1064, 0, 16, 0),
(779, 0, 16, 0),
(966, 0, 16, 0),
(1078, 0, 16, 0),
(840, 0, 16, 0),
(993, 0, 16, 0),
(923, 0, 16, 0),
(680, 0, 16, 0),
(1104, 0, 16, 0),
(595, 0, 16, 0),
(1019, 0, 16, 0),
(875, 0, 16, 0),
(741, 0, 16, 0),
(985, 0, 16, 0),
(1042, 0, 16, 0),
(695, 0, 16, 0),
(862, 0, 16, 0),
(748, 0, 16, 0),
(878, 0, 16, 0),
(1045, 0, 16, 0),
(637, 0, 16, 0),
(656, 0, 16, 0),
(775, 0, 16, 0),
(970, 0, 16, 0),
(761, 0, 16, 0),
(803, 0, 16, 0),
(1096, 0, 16, 0),
(952, 0, 16, 0),
(760, 0, 16, 0),
(848, 0, 16, 0),
(667, 0, 16, 0),
(1028, 0, 16, 0),
(998, 0, 16, 0),
(1066, 0, 16, 0),
(647, 0, 16, 0),
(1111, 0, 16, 0),
(879, 0, 16, 0),
(981, 0, 16, 0),
(867, 0, 16, 0),
(655, 0, 16, 0),
(999, 0, 16, 0),
(759, 0, 16, 0),
(997, 0, 16, 0),
(807, 0, 16, 0),
(901, 0, 16, 0),
(715, 0, 16, 0),
(811, 0, 16, 0),
(841, 0, 16, 0),
(826, 0, 16, 0),
(990, 0, 16, 0),
(736, 0, 16, 0),
(762, 0, 16, 0),
(1088, 0, 16, 0),
(730, 0, 16, 0),
(693, 0, 16, 0),
(940, 0, 16, 0),
(639, 0, 16, 0),
(954, 0, 16, 0),
(960, 0, 16, 0),
(717, 0, 16, 0),
(939, 0, 16, 0),
(746, 0, 16, 0),
(886, 0, 16, 0),
(679, 0, 16, 0),
(1041, 0, 16, 0),
(994, 0, 16, 0),
(668, 0, 16, 0),
(852, 0, 16, 0),
(1081, 0, 16, 0),
(740, 0, 16, 0),
(1105, 0, 16, 0),
(809, 0, 16, 0),
(845, 0, 16, 0),
(767, 0, 16, 0),
(786, 0, 16, 0),
(895, 0, 16, 0),
(1010, 0, 16, 0),
(704, 0, 16, 0),
(905, 0, 16, 0),
(661, 0, 16, 0),
(724, 0, 16, 0),
(844, 0, 16, 0),
(802, 0, 16, 0),
(899, 0, 16, 0),
(627, 0, 16, 0),
(938, 0, 16, 0),
(734, 0, 16, 0),
(898, 0, 16, 0),
(1125, 0, 16, 0),
(650, 0, 16, 0),
(924, 0, 16, 0),
(771, 0, 16, 0),
(705, 0, 16, 0),
(777, 0, 16, 0),
(1087, 0, 16, 0),
(1051, 0, 16, 0),
(794, 0, 16, 0),
(749, 0, 16, 0),
(700, 0, 16, 0),
(618, 0, 16, 0),
(946, 0, 16, 0),
(927, 0, 16, 0),
(965, 0, 16, 0),
(703, 0, 16, 0),
(1102, 0, 16, 0),
(651, 0, 16, 0),
(941, 0, 16, 0),
(1065, 0, 16, 0),
(1055, 0, 16, 0),
(883, 0, 16, 0),
(943, 0, 16, 0),
(670, 0, 16, 0),
(897, 0, 16, 0),
(856, 0, 16, 0),
(979, 0, 16, 0),
(833, 0, 16, 0),
(884, 0, 16, 0),
(1100, 0, 16, 0),
(727, 0, 16, 0),
(638, 0, 16, 0),
(1013, 0, 16, 0),
(932, 0, 16, 0),
(1000, 0, 16, 0),
(987, 0, 16, 0),
(888, 0, 16, 0),
(801, 0, 16, 0),
(672, 0, 16, 0),
(953, 0, 16, 0),
(624, 0, 16, 0),
(917, 0, 16, 0),
(711, 0, 16, 0),
(714, 0, 16, 0),
(709, 0, 16, 0),
(1031, 0, 16, 0),
(1120, 0, 16, 0),
(808, 0, 16, 0),
(846, 0, 16, 0),
(592, 0, 16, 0),
(598, 0, 16, 0),
(1002, 0, 16, 0),
(1063, 0, 16, 0),
(876, 0, 16, 0),
(1015, 0, 16, 0),
(874, 0, 16, 0),
(971, 0, 16, 0),
(828, 0, 16, 0),
(702, 0, 16, 0),
(722, 0, 16, 0),
(721, 0, 16, 0),
(881, 0, 16, 0),
(880, 0, 16, 0),
(1049, 0, 16, 0),
(653, 0, 16, 0),
(900, 0, 16, 0),
(1126, 0, 16, 0),
(745, 0, 16, 0),
(1038, 0, 16, 0),
(922, 0, 16, 0),
(621, 0, 16, 0),
(1068, 0, 16, 0),
(972, 0, 16, 0),
(1095, 0, 16, 0),
(796, 0, 16, 0),
(948, 0, 16, 0),
(1004, 0, 16, 0),
(1103, 0, 16, 0),
(930, 0, 16, 0),
(1097, 0, 16, 0),
(1023, 0, 16, 0),
(896, 0, 16, 0),
(869, 0, 16, 0),
(913, 0, 16, 0),
(951, 0, 16, 0),
(587, 0, 16, 0),
(909, 0, 16, 0),
(1005, 0, 16, 0),
(1057, 0, 16, 0),
(1032, 0, 16, 0),
(756, 0, 16, 0),
(858, 0, 16, 0),
(1073, 0, 16, 0),
(663, 0, 16, 0),
(763, 0, 16, 0),
(789, 0, 16, 0),
(1029, 0, 16, 0),
(631, 0, 16, 0),
(872, 0, 16, 0),
(877, 0, 16, 0),
(947, 0, 16, 0),
(766, 0, 16, 0),
(849, 0, 16, 0),
(594, 0, 16, 0),
(1113, 0, 16, 0),
(963, 0, 16, 0),
(699, 0, 16, 0),
(666, 0, 16, 0),
(687, 0, 16, 0),
(806, 0, 16, 0),
(823, 0, 16, 0),
(785, 0, 16, 0),
(1082, 0, 16, 0),
(857, 0, 16, 0),
(824, 0, 16, 0),
(788, 0, 16, 0),
(706, 0, 16, 0),
(645, 0, 16, 0),
(1075, 0, 16, 0),
(648, 0, 16, 0),
(1118, 0, 16, 0),
(770, 0, 16, 0),
(968, 0, 16, 0),
(893, 0, 16, 0),
(957, 0, 16, 0),
(842, 0, 16, 0),
(726, 0, 16, 0),
(1003, 0, 16, 0),
(1035, 0, 16, 0),
(1080, 0, 16, 0),
(931, 0, 16, 0),
(1017, 0, 16, 0),
(617, 0, 16, 0),
(1092, 0, 16, 0),
(623, 0, 16, 0),
(686, 0, 16, 0),
(1052, 0, 16, 0),
(1016, 0, 16, 0),
(919, 0, 16, 0),
(776, 0, 16, 0),
(754, 0, 16, 0),
(903, 0, 16, 0),
(928, 0, 16, 0),
(820, 0, 16, 0),
(1123, 0, 16, 0),
(644, 0, 16, 0),
(608, 0, 16, 0),
(602, 0, 16, 0),
(873, 0, 16, 0),
(1062, 0, 16, 0),
(719, 0, 16, 0),
(894, 0, 16, 0),
(967, 0, 16, 0),
(916, 0, 16, 0),
(1085, 0, 16, 0),
(1054, 0, 16, 0),
(1119, 0, 16, 0),
(778, 0, 16, 0),
(1091, 0, 16, 0),
(1098, 0, 16, 0),
(949, 0, 16, 0),
(712, 0, 16, 0),
(752, 0, 16, 0),
(1124, 0, 16, 0),
(889, 0, 16, 0),
(926, 0, 16, 0),
(1069, 0, 16, 0),
(669, 0, 16, 0),
(1094, 0, 16, 0),
(831, 0, 16, 0),
(921, 0, 16, 0),
(673, 0, 16, 0),
(659, 0, 16, 0),
(764, 0, 16, 0),
(678, 0, 16, 0),
(945, 0, 16, 0),
(1020, 0, 16, 0),
(902, 0, 16, 0),
(816, 0, 16, 0),
(978, 0, 16, 0),
(911, 0, 16, 0),
(1099, 0, 16, 0),
(773, 0, 16, 0),
(980, 0, 16, 0),
(870, 0, 16, 0),
(718, 0, 16, 0),
(707, 0, 16, 0),
(885, 0, 16, 0),
(739, 0, 16, 0),
(787, 0, 16, 0),
(950, 0, 16, 0),
(795, 0, 16, 0),
(738, 0, 16, 0),
(1036, 0, 16, 0),
(1048, 0, 16, 0),
(780, 0, 16, 0),
(671, 0, 16, 0),
(1101, 0, 16, 0),
(652, 0, 16, 0),
(708, 0, 16, 0),
(855, 0, 16, 0),
(696, 0, 16, 0),
(859, 0, 16, 0),
(765, 0, 16, 0),
(1008, 0, 16, 0),
(612, 0, 16, 0),
(591, 0, 16, 0),
(731, 0, 16, 0),
(751, 0, 16, 0),
(1046, 0, 16, 0),
(698, 0, 16, 0),
(1056, 0, 16, 0),
(743, 0, 16, 0),
(790, 0, 16, 0),
(1037, 0, 16, 0),
(723, 0, 16, 0),
(772, 0, 16, 0),
(983, 0, 16, 0),
(1083, 0, 16, 0),
(813, 0, 16, 0),
(710, 0, 16, 0),
(629, 0, 16, 0),
(688, 0, 16, 0),
(768, 0, 16, 0),
(610, 0, 16, 0),
(642, 0, 16, 0),
(989, 0, 16, 0),
(908, 0, 16, 0),
(1025, 0, 16, 0),
(1122, 0, 16, 0),
(882, 0, 16, 0),
(606, 0, 16, 0),
(603, 0, 16, 0),
(995, 0, 16, 0),
(685, 0, 16, 0),
(733, 0, 16, 0),
(630, 0, 16, 0),
(665, 0, 16, 0),
(619, 0, 16, 0),
(593, 0, 16, 0),
(620, 0, 16, 0),
(769, 0, 16, 0),
(1116, 0, 16, 0),
(683, 0, 16, 0),
(821, 0, 16, 0),
(1021, 0, 16, 0),
(991, 0, 16, 0),
(1070, 0, 16, 0),
(635, 0, 16, 0),
(1022, 0, 16, 0),
(969, 0, 16, 0),
(646, 0, 16, 0),
(853, 0, 16, 0),
(643, 0, 16, 0),
(615, 0, 16, 0),
(988, 0, 16, 0),
(964, 0, 16, 0),
(839, 0, 16, 0),
(1106, 0, 16, 0),
(1030, 0, 16, 0),
(716, 0, 16, 0),
(906, 0, 16, 0),
(747, 0, 16, 0),
(836, 0, 16, 0),
(891, 0, 16, 0),
(622, 0, 16, 0),
(732, 0, 16, 0),
(851, 0, 16, 0),
(616, 0, 16, 0),
(611, 0, 16, 0),
(782, 0, 16, 0),
(935, 0, 16, 0),
(1074, 0, 16, 0),
(1090, 0, 16, 0),
(818, 0, 16, 0),
(1079, 0, 16, 0),
(690, 0, 16, 0),
(1060, 0, 16, 0),
(1067, 0, 16, 0),
(800, 0, 16, 0),
(904, 0, 16, 0),
(1072, 0, 16, 0),
(798, 0, 16, 0),
(1061, 0, 16, 0),
(868, 0, 16, 0),
(1024, 0, 16, 0),
(1112, 0, 16, 0),
(1108, 0, 16, 0),
(604, 0, 16, 0),
(633, 0, 16, 0),
(600, 0, 16, 0),
(1071, 0, 16, 0),
(742, 0, 16, 0),
(864, 0, 16, 0),
(929, 0, 16, 0),
(861, 0, 16, 0),
(915, 0, 16, 0),
(720, 0, 16, 0),
(1012, 0, 16, 0),
(914, 0, 16, 0),
(713, 0, 16, 0),
(973, 0, 16, 0),
(814, 0, 16, 0),
(605, 0, 16, 0),
(832, 0, 16, 0),
(837, 0, 16, 0),
(1039, 0, 16, 0),
(799, 0, 16, 0),
(850, 0, 16, 0),
(962, 0, 16, 0),
(634, 0, 16, 0),
(701, 0, 16, 0),
(681, 0, 16, 0),
(829, 0, 16, 0),
(982, 0, 16, 0),
(984, 0, 16, 0),
(737, 0, 16, 0),
(942, 0, 16, 0),
(1053, 0, 16, 0),
(956, 0, 16, 0),
(1093, 0, 16, 0),
(812, 0, 16, 0),
(920, 0, 16, 0),
(793, 0, 16, 0),
(838, 0, 16, 0),
(682, 0, 16, 0),
(936, 0, 16, 0),
(1114, 0, 16, 0),
(1043, 0, 16, 0),
(691, 0, 16, 0),
(996, 0, 16, 0),
(758, 0, 16, 0),
(753, 0, 16, 0),
(654, 0, 16, 0),
(783, 0, 16, 0),
(1115, 0, 16, 0),
(925, 0, 16, 0),
(1077, 0, 16, 0),
(609, 0, 16, 0),
(871, 0, 16, 0),
(1006, 0, 16, 0),
(1109, 0, 16, 0),
(641, 0, 16, 0),
(628, 0, 16, 0),
(961, 0, 16, 0),
(1050, 0, 16, 0),
(955, 0, 16, 0),
(744, 0, 16, 0),
(865, 0, 16, 0),
(974, 0, 16, 0),
(804, 0, 16, 0),
(640, 0, 16, 0),
(750, 0, 16, 0),
(977, 0, 16, 0),
(958, 0, 16, 0),
(1011, 0, 16, 0),
(597, 0, 16, 0),
(944, 0, 16, 0),
(890, 0, 16, 0),
(918, 0, 16, 0),
(677, 0, 16, 0),
(825, 0, 16, 0),
(817, 0, 16, 0),
(1084, 0, 16, 0),
(986, 0, 16, 0),
(607, 0, 16, 0),
(975, 0, 16, 0),
(694, 0, 16, 0),
(822, 0, 16, 0),
(1018, 0, 16, 0),
(1117, 0, 16, 0),
(1047, 0, 16, 0),
(697, 0, 16, 0),
(1034, 0, 16, 0),
(1040, 0, 16, 0),
(835, 0, 16, 0),
(1044, 0, 16, 0),
(649, 0, 16, 0),
(781, 0, 16, 0),
(976, 0, 16, 0),
(843, 0, 16, 0),
(1121, 0, 16, 0),
(934, 0, 16, 0),
(614, 0, 16, 0),
(892, 0, 16, 0),
(692, 0, 16, 0),
(674, 0, 16, 0),
(1110, 0, 16, 0),
(860, 0, 16, 0),
(810, 0, 16, 0),
(937, 0, 16, 0),
(590, 0, 16, 0),
(689, 0, 16, 0),
(866, 0, 16, 0),
(658, 0, 16, 0),
(819, 0, 16, 0),
(854, 0, 16, 0),
(599, 0, 16, 0),
(834, 0, 16, 0),
(735, 0, 16, 0),
(827, 0, 16, 0),
(684, 0, 16, 0),
(887, 0, 16, 0),
(675, 0, 16, 0),
(910, 0, 16, 0),
(676, 0, 16, 0),
(792, 0, 16, 0),
(959, 0, 16, 0),
(933, 0, 16, 0),
(907, 0, 16, 0),
(613, 0, 16, 0),
(601, 0, 16, 0),
(1086, 0, 16, 0),
(797, 0, 16, 0),
(1059, 0, 16, 0),
(774, 0, 16, 0),
(728, 0, 16, 0),
(791, 0, 16, 0),
(664, 0, 16, 0),
(1107, 0, 16, 0),
(660, 0, 16, 0),
(755, 0, 16, 0),
(625, 0, 16, 0),
(784, 0, 16, 0),
(815, 0, 16, 0),
(830, 0, 16, 0),
(662, 0, 16, 0),
(632, 0, 16, 0),
(863, 0, 16, 0),
(1026, 0, 16, 0),
(805, 0, 16, 0),
(757, 0, 16, 0),
(847, 0, 16, 0),
(725, 0, 16, 0),
(589, 0, 16, 0),
(596, 0, 16, 0),
(729, 0, 16, 0);

-- --------------------------------------------------------

--
-- Table structure for table `cards`
--

CREATE TABLE IF NOT EXISTS `cards` (
  `id` int(10) NOT NULL AUTO_INCREMENT,
  `cardText` varchar(300) DEFAULT NULL,
  `color` varchar(10) DEFAULT NULL,
  `vulgar` int(1) NOT NULL DEFAULT '1',
  PRIMARY KEY (`id`),
  UNIQUE KEY `cardText` (`cardText`)
) ENGINE=InnoDB  DEFAULT CHARSET=latin1 AUTO_INCREMENT=1234 ;

--
-- Dumping data for table `cards`
--

INSERT INTO `cards` (`id`, `cardText`, `color`, `vulgar`) VALUES
(587, 'A Gypsy curse.', 'white', 0),
(588, 'A moment of silence.', 'white', 0),
(589, 'A sausage festival.', 'white', 1),
(590, 'An honest cop with nothing left to lose.', 'white', 0),
(591, 'Famine.', 'white', 0),
(592, 'Flesh-eating bacteria.', 'white', 0),
(593, 'Flying sex snakes.', 'white', 1),
(594, 'Not giving a shit about the Third World.', 'white', 1),
(595, 'Sexting.', 'white', 1),
(596, 'Shapeshifters.', 'white', 0),
(597, 'Porn stars.', 'white', 1),
(598, 'Raping and pillaging.', 'white', 1),
(599, '72 virgins.', 'white', 1),
(600, 'A drive-by shooting.', 'white', 1),
(601, 'A time travel paradox.', 'white', 0),
(602, 'Authentic Mexican cuisine.', 'white', 0),
(603, 'Bling.', 'white', 0),
(604, 'Consultants.', 'white', 0),
(605, 'Crippling debt.', 'white', 0),
(606, 'Daddy issues.', 'white', 1),
(607, 'The Donald Trump Seal of Approval™.', 'white', 0),
(608, 'Dropping a chandelier on your enemies and riding the rope up.', 'white', 0),
(609, 'Former President George W. Bush.', 'white', 0),
(610, 'Full frontal nudity.', 'white', 1),
(611, 'Hormone injections.', 'white', 1),
(612, 'Laying an egg.', 'white', 0),
(613, 'Getting naked and watching Nickelodeon.', 'white', 1),
(614, 'Pretending to care.', 'white', 0),
(615, 'Public ridicule.', 'white', 0),
(616, 'Sharing needles.', 'white', 1),
(617, 'Boogers.', 'white', 0),
(618, 'The inevitable heat death of the universe.', 'white', 0),
(619, 'The miracle of childbirth.', 'white', 1),
(620, 'The Rapture.', 'white', 0),
(621, 'Whipping it out.', 'white', 1),
(622, 'White privilege.', 'white', 1),
(623, 'Wifely duties.', 'white', 1),
(624, 'The Hamburglar.', 'white', 0),
(625, 'AXE Body Spray.', 'white', 0),
(626, 'The Blood of Christ.', 'white', 1),
(627, 'Horrifying laser hair removal accidents.', 'white', 1),
(628, 'BATMAN!!!', 'white', 0),
(629, 'Agriculture.', 'white', 0),
(630, 'A robust mongoloid.', 'white', 1),
(631, 'Natural selection.', 'white', 0),
(632, 'Coat hanger abortions.', 'white', 1),
(633, 'Eating all of the cookies before the AIDS bake-sale.', 'white', 1),
(634, 'Michelle Obama''s arms.', 'white', 0),
(635, 'The World of Warcraft.', 'white', 0),
(636, 'Swooping.', 'white', 1),
(637, 'Obesity.', 'white', 1),
(638, 'A homoerotic volleyball montage.', 'white', 1),
(639, 'Lockjaw.', 'white', 1),
(640, 'A mating display.', 'white', 1),
(641, 'Testicular torsion.', 'white', 1),
(642, 'All-you-can-eat shrimp for $4.99.', 'white', 0),
(643, 'Domino''s™ Oreo™ Dessert Pizza.', 'white', 0),
(644, 'Kanye West.', 'white', 0),
(645, 'Hot cheese.', 'white', 0),
(646, 'Raptor attacks.', 'white', 0),
(647, 'Taking off your shirt.', 'white', 1),
(648, 'Smegma.', 'white', 1),
(649, 'Alcoholism.', 'white', 1),
(650, 'A middle-aged man on roller skates.', 'white', 0),
(651, 'The Care Bear Stare.', 'white', 1),
(652, 'Bingeing and purging.', 'white', 1),
(653, 'Oversized lollipops.', 'white', 0),
(654, 'Self-loathing.', 'white', 1),
(655, 'Children on leashes.', 'white', 1),
(656, 'Half-assed foreplay.', 'white', 1),
(657, 'The Holy Bible.', 'white', 1),
(658, 'German dungeon porn.', 'white', 1),
(659, 'Being on fire.', 'white', 1),
(660, 'Teenage pregnancy.', 'white', 1),
(661, 'Gandhi.', 'white', 0),
(662, 'Leaving an awkward voicemail.', 'white', 0),
(663, 'Uppercuts.', 'white', 0),
(664, 'Customer service representatives.', 'white', 0),
(665, 'An erection that lasts longer than four hours.', 'white', 1),
(666, 'My genitals.', 'white', 1),
(667, 'Picking up girls at the abortion clinic.', 'white', 1),
(668, 'Science.', 'white', 0),
(669, 'Not reciprocating oral sex.', 'white', 1),
(670, 'Flightless birds.', 'white', 0),
(671, 'A good sniff.', 'white', 1),
(672, 'Waterboarding.', 'white', 1),
(673, 'A balanced breakfast.', 'white', 0),
(674, 'Historically black colleges.', 'white', 1),
(675, 'Actually taking candy from a baby.', 'white', 0),
(676, 'The Make-A-Wish Foundation.', 'white', 0),
(677, 'A clandestine butt scratch.', 'white', 1),
(678, 'Passive-aggressive Post-it notes.', 'white', 0),
(679, 'The Chinese gymnastics team.', 'white', 0),
(680, 'Switching to Geico.', 'white', 0),
(681, 'Peeing a little bit.', 'white', 1),
(682, 'Home video of Oprah sobbing into a Lean Cuisine.', 'white', 1),
(683, 'Nocturnal emissions.', 'white', 1),
(684, 'The Jews.', 'white', 1),
(685, 'My humps.', 'white', 1),
(686, 'Powerful thighs.', 'white', 1),
(687, 'Winking at old people.', 'white', 1),
(688, 'Mr. Clean, right behind you.', 'white', 1),
(689, 'A gentle caress of the inner thigh.', 'white', 1),
(690, 'Sexual tension.', 'white', 1),
(691, 'The forbidden fruit.', 'white', 1),
(692, 'Skeletor.', 'white', 0),
(693, 'Fancy Feast.', 'white', 0),
(694, 'Being rich.', 'white', 0),
(695, 'Sweet, sweet vengeance.', 'white', 0),
(696, 'Republicans.', 'white', 0),
(697, 'A gassy antelope.', 'white', 1),
(698, 'Natalie Portman.', 'white', 0),
(699, 'Copping a feel.', 'white', 1),
(700, 'Kamikaze pilots.', 'white', 1),
(701, 'Sean Connery.', 'white', 0),
(702, 'The homosexual agenda.', 'white', 1),
(703, 'The hardworking Mexican.', 'white', 1),
(704, 'A falcon with a cap on its head.', 'white', 0),
(705, 'Altar boys.', 'white', 1),
(706, 'The Kool-Aid Man.', 'white', 0),
(707, 'Getting so angry that you pop a boner.', 'white', 1),
(708, 'Free samples.', 'white', 0),
(709, 'A big hoopla about nothing.', 'white', 0),
(710, 'Doing the right thing.', 'white', 0),
(711, 'The Three-Fifths compromise.', 'white', 1),
(712, 'Lactation.', 'white', 1),
(713, 'World peace.', 'white', 0),
(714, 'RoboCop.', 'white', 0),
(715, 'Chutzpah.', 'white', 0),
(716, 'Justin Bieber.', 'white', 0),
(717, 'Oompa-Loompas.', 'white', 0),
(718, 'Inappropriate yodeling.', 'white', 0),
(719, 'Puberty.', 'white', 1),
(720, 'Ghosts.', 'white', 0),
(721, 'An asymmetric boob job.', 'white', 1),
(722, 'Vigorous jazz hands.', 'white', 1),
(723, 'Fingering.', 'white', 1),
(724, 'Glenn Beck catching his scrotum on a curtain hook.', 'white', 1),
(725, 'GoGurt.', 'white', 0),
(726, 'Police brutality.', 'white', 1),
(727, 'John Wilkes Booth.', 'white', 1),
(728, 'Preteens.', 'white', 1),
(729, 'Scalping.', 'white', 1),
(730, 'Stifling a giggle at the mention of Hutus and Tutsis.', 'white', 1),
(731, '''Tweeting.''', 'white', 0),
(732, 'Darth Vader.', 'white', 0),
(733, 'A sad handjob.', 'white', 1),
(734, 'Exactly what you''d expect.', 'white', 0),
(735, 'Expecting a burp and vomiting on the floor.', 'white', 1),
(736, 'Adderall™.', 'white', 1),
(737, 'Embryonic stem cells.', 'white', 1),
(738, 'Tasteful sideboob.', 'white', 1),
(739, 'Panda sex.', 'white', 1),
(740, 'An icepick lobotomy.', 'white', 1),
(741, 'Tom Cruise.', 'white', 0),
(742, 'Mouth herpes.', 'white', 1),
(743, 'Sperm whales.', 'white', 1),
(744, 'Homeless people.', 'white', 1),
(745, 'Third base.', 'white', 1),
(746, 'Incest.', 'white', 1),
(747, 'Pac-Man uncontrollably guzzling cum.', 'white', 1),
(748, 'A mime having a stroke.', 'white', 1),
(749, 'Hulk Hogan.', 'white', 0),
(750, 'God.', 'white', 1),
(751, 'Scrubbing under the folds.', 'white', 1),
(752, 'Golden showers.', 'white', 1),
(753, 'Emotions.', 'white', 0),
(754, 'Licking things to claim them as your own.', 'white', 1),
(755, 'Pabst Blue Ribbon.', 'white', 1),
(756, 'The placenta.', 'white', 1),
(757, 'Spontaneous human combustion.', 'white', 1),
(758, 'Friends with benefits.', 'white', 1),
(759, 'Finger painting.', 'white', 0),
(760, 'Old-people smell.', 'white', 0),
(761, 'Dying of dysentery.', 'white', 1),
(762, 'My inner demons.', 'white', 1),
(763, 'A Super Soaker™ full of cat pee.', 'white', 1),
(764, 'Aaron Burr.', 'white', 0),
(765, 'Cuddling.', 'white', 0),
(766, 'The chronic.', 'white', 1),
(767, 'Cockfights.', 'white', 1),
(768, 'Friendly fire.', 'white', 1),
(769, 'Ronald Reagan.', 'white', 0),
(770, 'A disappointing birthday party.', 'white', 0),
(771, 'A sassy black woman.', 'white', 1),
(772, 'Mathletes.', 'white', 0),
(773, 'A tiny horse.', 'white', 0),
(774, 'William Shatner.', 'white', 0),
(775, 'Riding off into the sunset.', 'white', 0),
(776, 'An M. Night Shyamalan plot twist.', 'white', 0),
(777, 'Jew-fros.', 'white', 1),
(778, 'Mutually-assured destruction.', 'white', 1),
(779, 'Pedophiles.', 'white', 1),
(780, 'Yeast.', 'white', 1),
(781, 'Grave robbing.', 'white', 1),
(782, 'Eating the last known bison.', 'white', 0),
(783, 'Catapults.', 'white', 0),
(784, 'Poor people.', 'white', 1),
(785, 'Forgetting the Alamo.', 'white', 1),
(786, 'The Hustle.', 'white', 0),
(787, 'The Force.', 'white', 0),
(788, 'Wiping her butt.', 'white', 1),
(789, 'Intelligent design.', 'white', 1),
(790, 'Loose lips.', 'white', 1),
(791, 'AIDS.', 'white', 1),
(792, 'Pictures of boobs.', 'white', 1),
(793, 'The Übermensch.', 'white', 1),
(794, 'Sarah Palin.', 'white', 0),
(795, 'American Gladiators.', 'white', 0),
(796, 'Getting really high.', 'white', 1),
(797, 'Scientology.', 'white', 0),
(798, 'Penis envy.', 'white', 1),
(799, 'Praying the gay away.', 'white', 1),
(800, 'Frolicking.', 'white', 1),
(801, 'Two midgets shitting into a bucket.', 'white', 1),
(802, 'The KKK.', 'white', 1),
(803, 'Genghis Khan.', 'white', 0),
(804, 'Crystal meth.', 'white', 1),
(805, 'Serfdom.', 'white', 0),
(806, 'Stranger danger.', 'white', 1),
(807, 'A Bop It™.', 'white', 0),
(808, 'Shaquille O''Neal''s acting career.', 'white', 0),
(809, 'Prancing.', 'white', 0),
(810, 'Vigilante justice.', 'white', 0),
(811, 'Overcompensation.', 'white', 1),
(812, 'Pixelated bukkake.', 'white', 1),
(813, 'A lifetime of sadness.', 'white', 1),
(814, 'Racism.', 'white', 1),
(815, 'Dwarf tossing.', 'white', 1),
(816, 'Sunshine and rainbows.', 'white', 0),
(817, 'A monkey smoking a cigar.', 'white', 1),
(818, 'Flash flooding.', 'white', 0),
(819, 'Lance Armstrong''s missing testicle.', 'white', 1),
(820, 'Dry heaving.', 'white', 1),
(821, 'The terrorists.', 'white', 1),
(822, 'Britney Spears at 55.', 'white', 1),
(823, 'Attitude.', 'white', 0),
(824, 'Breaking out into song and dance.', 'white', 0),
(825, 'Leprosy.', 'white', 1),
(826, 'Gloryholes.', 'white', 1),
(827, 'Nipple blades.', 'white', 1),
(828, 'The heart of a child.', 'white', 1),
(829, 'Puppies!', 'white', 1),
(830, 'Waking up half-naked in a Denny''s parking lot.', 'white', 1),
(831, 'Dental dams.', 'white', 1),
(832, 'Toni Morrison''s vagina.', 'white', 1),
(833, 'The taint; the grundle; the fleshy fun-bridge.', 'white', 1),
(834, 'Active listening.', 'white', 1),
(835, 'Ethnic cleansing.', 'white', 1),
(836, 'The Little Engine That Could.', 'white', 1),
(837, 'The invisible hand.', 'white', 0),
(838, 'Waiting ‘til marriage.', 'white', 1),
(839, 'Unfathomable stupidity.', 'white', 1),
(840, 'Euphoria™ by Calvin Klein.', 'white', 1),
(841, 'Re-gifting.', 'white', 0),
(842, 'Autocannibalism.', 'white', 1),
(843, 'Erectile dysfunction.', 'white', 1),
(844, 'My collection of high-tech sex toys.', 'white', 1),
(845, 'The Pope.', 'white', 1),
(846, 'White people.', 'white', 1),
(847, 'Tentacle porn.', 'white', 1),
(848, 'Glenn Beck convulsively vomiting as a brood of crab spiders hatches in his brain and erupts from his tear ducts.', 'white', 1),
(849, 'Too much hair gel.', 'white', 0),
(850, 'Seppuku.', 'white', 1),
(851, 'Same-sex ice dancing.', 'white', 1),
(852, 'Cheating in the Special Olympics.', 'white', 1),
(853, 'Charisma.', 'white', 0),
(854, 'Keanu Reeves.', 'white', 0),
(855, 'Sean Penn.', 'white', 0),
(856, 'Nickelback.', 'white', 0),
(857, 'A look-see.', 'white', 0),
(858, 'Pooping back and forth. Forever.', 'white', 1),
(859, 'Menstruation.', 'white', 1),
(860, 'Kids with ass cancer.', 'white', 1),
(861, 'A salty surprise.', 'white', 1),
(862, 'The South.', 'white', 0),
(863, 'The violation of our most basic human rights.', 'white', 1),
(864, 'YOU MUST CONSTRUCT ADDITIONAL PYLONS.', 'white', 0),
(865, 'Date rape.', 'white', 1),
(866, 'Being fabulous.', 'white', 0),
(867, 'Necrophilia.', 'white', 1),
(868, 'Centaurs.', 'white', 1),
(869, 'Bill Nye the Science Guy.', 'white', 1),
(870, 'Black people.', 'white', 1),
(871, 'Chivalry.', 'white', 1),
(872, 'Lunchables™.', 'white', 1),
(873, 'Bitches.', 'white', 1),
(874, 'The profoundly handicapped.', 'white', 1),
(875, 'Heartwarming orphans.', 'white', 1),
(876, 'MechaHitler.', 'white', 1),
(877, 'Fiery poops.', 'white', 1),
(878, 'Another goddamn vampire movie.', 'white', 1),
(879, 'Tangled Slinkys.', 'white', 0),
(880, 'The true meaning of Christmas.', 'white', 1),
(881, 'Estrogen.', 'white', 1),
(882, 'A zesty breakfast burrito.', 'white', 0),
(883, 'That thing that electrocutes your abs.', 'white', 0),
(884, 'Passing a kidney stone.', 'white', 0),
(885, 'A bleached asshole.', 'white', 1),
(886, 'Michael Jackson.', 'white', 0),
(887, 'Cybernetic enhancements.', 'white', 1),
(888, 'Guys who don''t call.', 'white', 1),
(889, 'Smallpox blankets.', 'white', 1),
(890, 'Masturbation.', 'white', 1),
(891, 'Classist undertones.', 'white', 1),
(892, 'Queefing.', 'white', 1),
(893, 'Concealing a boner.', 'white', 1),
(894, 'Edible underpants.', 'white', 1),
(895, 'Viagra.', 'white', 1),
(896, 'Soup that is too hot.', 'white', 0),
(897, 'Muhammad (Praise Be Unto Him).', 'white', 1),
(898, 'Surprise sex!', 'white', 1),
(899, 'Five-Dollar Footlongs™.', 'white', 0),
(900, 'Drinking alone.', 'white', 1),
(901, 'Dick fingers.', 'white', 1),
(902, 'Multiple stab wounds.', 'white', 1),
(903, 'Soiling oneself.', 'white', 1),
(904, 'Child abuse.', 'white', 1),
(905, 'Anal beads.', 'white', 1),
(906, 'Civilian casualties.', 'white', 1),
(907, 'Pulling out.', 'white', 1),
(908, 'Robert Downey, Jr.', 'white', 0),
(909, 'Horse meat.', 'white', 1),
(910, 'A really cool hat.', 'white', 0),
(911, 'Kim Jong-il.', 'white', 0),
(912, 'A stray pube.', 'white', 1),
(913, 'Jewish fraternities.', 'white', 1),
(914, 'The token minority.', 'white', 1),
(915, 'Doin'' it in the butt.', 'white', 1),
(916, 'Feeding Rosie O''Donnell.', 'white', 1),
(917, 'Teaching a robot to love.', 'white', 0),
(918, 'A can of whoop-ass.', 'white', 1),
(919, 'A windmill full of corpses.', 'white', 1),
(920, 'Count Chocula.', 'white', 0),
(921, 'Wearing underwear inside-out to avoid doing laundry.', 'white', 0),
(922, 'A death ray.', 'white', 0),
(923, 'The glass ceiling.', 'white', 0),
(924, 'A cooler full of organs.', 'white', 1),
(925, 'The American Dream.', 'white', 0),
(926, 'Keg stands.', 'white', 1),
(927, 'When you fart and a little bit comes out.', 'white', 1),
(928, 'Take-backsies.', 'white', 1),
(929, 'Dead babies.', 'white', 1),
(930, 'Foreskin.', 'white', 1),
(931, 'Saxophone solos.', 'white', 0),
(932, 'Italians.', 'white', 1),
(933, 'A fetus.', 'white', 1),
(934, 'Firing a rifle into the air while balls deep in a squealing hog.', 'white', 1),
(935, 'Dick Cheney.', 'white', 0),
(936, 'Amputees.', 'white', 1),
(937, 'Eugenics.', 'white', 1),
(938, 'My relationship status.', 'white', 0),
(939, 'Christopher Walken.', 'white', 0),
(940, 'Bees?', 'white', 0),
(941, 'Harry Potter erotica.', 'white', 1),
(942, 'College.', 'white', 0),
(943, 'Getting drunk on mouthwash.', 'white', 1),
(944, 'Nazis.', 'white', 1),
(945, '8 oz. of sweet Mexican black-tar heroin.', 'white', 1),
(946, 'Stephen Hawking talking dirty.', 'white', 1),
(947, 'Dead parents.', 'white', 1),
(948, 'Object permanence.', 'white', 1),
(949, 'Opposable thumbs.', 'white', 0),
(950, 'Racially-biased SAT questions.', 'white', 1),
(951, 'Jibber-jabber.', 'white', 0),
(952, 'Chainsaws for hands.', 'white', 0),
(953, 'Nicolas Cage.', 'white', 0),
(954, 'Child beauty pageants.', 'white', 0),
(955, 'Explosions.', 'white', 0),
(956, 'Sniffing glue.', 'white', 1),
(957, 'Glenn Beck being harried by a swarm of buzzards.', 'white', 1),
(958, 'Repression.', 'white', 1),
(959, 'Roofies.', 'white', 1),
(960, 'My vagina.', 'white', 1),
(961, 'Assless chaps.', 'white', 1),
(962, 'A murder most foul.', 'white', 1),
(963, 'Giving 110 percent.', 'white', 0),
(964, 'Her Royal Highness, Queen Elizabeth II.', 'white', 0),
(965, 'The Trail of Tears.', 'white', 1),
(966, 'Being marginalized.', 'white', 0),
(967, 'Goblins.', 'white', 0),
(968, 'Hope.', 'white', 0),
(969, 'The Rev. Dr. Martin Luther King, Jr.', 'white', 0),
(970, 'A micropenis.', 'white', 1),
(971, 'My soul.', 'white', 0),
(972, 'A hot mess.', 'white', 0),
(973, 'Vikings.', 'white', 0),
(974, 'Hot people.', 'white', 0),
(975, 'Seduction.', 'white', 1),
(976, 'An Oedipus complex.', 'white', 1),
(977, 'Geese.', 'white', 0),
(978, 'Global warming.', 'white', 0),
(979, 'New Age music.', 'white', 0),
(980, 'Hot Pockets.', 'white', 0),
(981, 'Making a pouty face.', 'white', 0),
(982, 'Vehicular manslaughter.', 'white', 1),
(983, 'Women''s suffrage.', 'white', 0),
(984, 'A defective condom.', 'white', 1),
(985, 'Judge Judy.', 'white', 0),
(986, 'African children.', 'white', 1),
(987, 'The Virginia Tech Massacre.', 'white', 1),
(988, 'Barack Obama.', 'white', 0),
(989, 'Asians who aren''t good at math.', 'white', 1),
(990, 'Elderly Japanese men.', 'white', 1),
(991, 'Exchanging pleasantries.', 'white', 0),
(992, 'Heteronormativity.', 'white', 1),
(993, 'Parting the Red Sea.', 'white', 1),
(994, 'Arnold Schwarzenegger.', 'white', 0),
(995, 'Road head.', 'white', 1),
(996, 'Spectacular abs.', 'white', 0),
(997, 'Figgy pudding.', 'white', 0),
(998, 'A mopey zoo lion.', 'white', 0),
(999, 'A bag of magic beans.', 'white', 0),
(1000, 'Poor life choices.', 'white', 1),
(1001, 'My sex life.', 'white', 1),
(1002, 'Auschwitz.', 'white', 1),
(1003, 'A snapping turtle biting the tip of your penis.', 'white', 1),
(1004, 'A thermonuclear detonation.', 'white', 1),
(1005, 'The clitoris.', 'white', 1),
(1006, 'The Big Bang.', 'white', 0),
(1007, 'Land mines.', 'white', 1),
(1008, 'Friends who eat all the snacks.', 'white', 0),
(1009, 'Goats eating cans.', 'white', 0),
(1010, 'The Dance of the Sugar Plum Fairy.', 'white', 0),
(1011, 'Jerking off into a pool of children''s tears.', 'white', 1),
(1012, 'Man meat.', 'white', 1),
(1013, 'Me time.', 'white', 0),
(1014, 'The Underground Railroad.', 'white', 1),
(1015, 'Poorly-timed Holocaust jokes.', 'white', 1),
(1016, 'A sea of troubles.', 'white', 0),
(1017, 'Lumberjack fantasies.', 'white', 1),
(1018, 'Morgan Freeman''s voice.', 'white', 0),
(1019, 'Women in yogurt commercials.', 'white', 1),
(1020, 'Natural male enhancement.', 'white', 1),
(1021, 'Being a motherfucking sorcerer.', 'white', 1),
(1022, 'Genital piercings.', 'white', 1),
(1023, 'Passable transvestites.', 'white', 1),
(1024, 'Sexy pillow fights.', 'white', 1),
(1025, 'Balls.', 'white', 1),
(1026, 'Grandma.', 'white', 0),
(1027, 'Friction.', 'white', 1),
(1028, 'Party poopers.', 'white', 0),
(1029, 'Farting and walking away.', 'white', 1),
(1030, 'Being a dick to children.', 'white', 1),
(1031, 'Booby-trapping the house to foil burglars.', 'white', 0),
(1032, 'The Tempur-Pedic Swedish Sleep System™.', 'white', 0),
(1033, 'Dying.', 'white', 1),
(1034, 'Hurricane Katrina.', 'white', 1),
(1035, 'The gays.', 'white', 1),
(1036, 'The folly of man.', 'white', 0),
(1037, 'Men.', 'white', 0),
(1038, 'The Amish.', 'white', 1),
(1039, 'Pterodactyl eggs.', 'white', 0),
(1040, 'Team-building exercises.', 'white', 0),
(1041, 'A brain tumor.', 'white', 1),
(1042, 'Cards Against Humanity.', 'white', 0),
(1043, 'Fear itself.', 'white', 0),
(1044, 'Lady Gaga.', 'white', 0),
(1045, 'The milk man.', 'white', 0),
(1046, 'A foul mouth.', 'white', 0),
(1047, 'A big black dick.', 'white', 1),
(1048, 'A beached whale.', 'white', 1),
(1049, 'A bloody pacifier.', 'white', 1),
(1050, 'A crappy little hand.', 'white', 1),
(1051, 'A low standard of living.', 'white', 1),
(1052, 'A nuanced critique.', 'white', 0),
(1053, 'Panty raids.', 'white', 1),
(1054, 'A passionate Latino lover.', 'white', 1),
(1055, 'A rival dojo.', 'white', 0),
(1056, 'A web of lies.', 'white', 0),
(1057, 'A woman scorned.', 'white', 0),
(1058, 'Clams.', 'white', 1),
(1059, 'Apologizing.', 'white', 0),
(1060, 'Appreciative snapping.', 'white', 1),
(1061, 'Neil Patrick Harris.', 'white', 0),
(1062, 'Beating your wives.', 'white', 1),
(1063, 'Being a dinosaur.', 'white', 0),
(1064, 'Shaft.', 'white', 0),
(1065, 'Bosnian chicken farmers.', 'white', 0),
(1066, 'Nubile slave boys.', 'white', 1),
(1067, 'Carnies.', 'white', 0),
(1068, 'Coughing into a vagina.', 'white', 1),
(1069, 'Suicidal thoughts.', 'white', 1),
(1070, 'Dancing with a broom.', 'white', 0),
(1071, 'Deflowering the princess.', 'white', 1),
(1072, 'Dorito breath.', 'white', 0),
(1073, 'Eating an albino.', 'white', 1),
(1074, 'Enormous Scandinavian women.', 'white', 1),
(1075, 'Fabricating statistics.', 'white', 0),
(1076, 'Finding a skeleton.', 'white', 0),
(1077, 'Gandalf.', 'white', 0),
(1078, 'Genetically engineered super-soldiers.', 'white', 0),
(1079, 'George Clooney''s musk.', 'white', 0),
(1080, 'Getting abducted by Peter Pan.', 'white', 0),
(1081, 'Getting in her pants, politely.', 'white', 1),
(1082, 'Gladiatorial combat.', 'white', 0),
(1083, 'Good grammar.', 'white', 0),
(1084, 'Hipsters.', 'white', 0),
(1085, 'Historical revisionism.', 'white', 0),
(1086, 'Insatiable bloodlust.', 'white', 1),
(1087, 'Jafar.', 'white', 0),
(1088, 'Jean-Claude Van Damme.', 'white', 0),
(1089, 'Just the tip.', 'white', 1),
(1090, 'Mad hacky-sack skills.', 'white', 0),
(1091, 'Leveling up.', 'white', 0),
(1092, 'Literally eating shit.', 'white', 1),
(1093, 'Making the penises kiss.', 'white', 1),
(1094, 'Media coverage.', 'white', 0),
(1095, 'Medieval Times Dinner and Tournament.', 'white', 0),
(1096, 'Moral ambiguity.', 'white', 0),
(1097, 'My machete.', 'white', 1),
(1098, 'One thousand Slim Jims.', 'white', 0),
(1099, 'Ominous background music.', 'white', 0),
(1100, 'Overpowering your father.', 'white', 1),
(1101, 'Pistol-whipping a hostage.', 'white', 1),
(1102, 'Quiche.', 'white', 0),
(1103, 'Quivering jowls.', 'white', 1),
(1104, 'Revenge fucking.', 'white', 1),
(1105, 'Ripping into a man''s chest and pulling out his still-beating heart.', 'white', 1),
(1106, 'Ryan Gosling riding in on a white horse.', 'white', 0),
(1107, 'Santa Claus.', 'white', 0),
(1108, 'Scrotum tickling.', 'white', 1),
(1109, 'Sexual humiliation.', 'white', 1),
(1110, 'Sexy Siamese twins.', 'white', 1),
(1111, 'Slow motion.', 'white', 0),
(1112, 'Space muffins.', 'white', 0),
(1113, 'Statistically validated stereotypes.', 'white', 1),
(1114, 'Sudden Poop Explosion Disease.', 'white', 1),
(1115, 'The boners of the elderly.', 'white', 1),
(1116, 'The economy.', 'white', 0),
(1117, 'The Fanta girls.', 'white', 1),
(1118, 'The Gulags.', 'white', 1),
(1119, 'The harsh light of day.', 'white', 0),
(1120, 'The hiccups.', 'white', 0),
(1121, 'The shambling corpse of Larry King.', 'white', 1),
(1122, 'The four arms of Vishnu.', 'white', 1),
(1123, 'Being a busy adult with many important things to do.', 'white', 0),
(1124, 'Tripping balls.', 'white', 1),
(1125, 'Words, words, words.', 'white', 0),
(1126, 'Zeus''s sexual appetites.', 'white', 1),
(1127, 'TSA guidelines now prohibit <span class=''blank''>__________</span> on airplanes.', 'black', 0),
(1128, 'It''s a pity that kids these days are all getting involved with <span class=''blank''>__________</span>.', 'black', 0),
(1129, 'In 1,000 years, when paper money is but a distant memory, <span class=''blank''>__________</span> will be our currency.', 'black', 0),
(1130, 'Major League Baseball has banned <span class=''blank''>__________</span> for giving players an unfair advantage.', 'black', 0),
(1131, 'What is Batman''s guilty pleasure?<br /><br /><span class=''blank''></span>', 'black', 0),
(1132, 'Next from J.K. Rowling: Harry Potter and the Chamber of <span class=''blank''>__________</span>', 'black', 0),
(1133, 'I''m sorry, Professor, but I couldn''t complete my homework because of <span class=''blank''>__________</span>', 'black', 0),
(1134, 'What did I bring back from Mexico?<br /><br /><span class=''blank''></span>', 'black', 0),
(1135, '<span class=''blank''>__________</span>? There''s an app for that.', 'black', 0),
(1136, '<span class=''blank''>__________</span> Betcha can''t have just one!', 'black', 0),
(1137, 'What''s my anti-drug?<br /><br /><span class=''blank''></span>', 'black', 0),
(1138, 'While the United States raced the Soviet Union to the moon, the Mexican government funneled millions of pesos into research on <span class=''blank''>__________</span>', 'black', 0),
(1139, 'In the new Disney Channel Original Movie, Hannah Montana struggles with <span class=''blank''>__________</span> for the first time. ', 'black', 0),
(1140, 'What''s my secret power?<br /><br /><span class=''blank''></span>', 'black', 0),
(1141, 'What''s the new fad diet?<br /><br /><span class=''blank''></span>', 'black', 0),
(1142, 'What did Vin Diesel eat for dinner?<br /><br /><span class=''blank''></span>', 'black', 0),
(1143, 'When Pharaoh remained unmoved, Moses called down a Plague of <span class=''blank''>__________</span>', 'black', 1),
(1144, 'How am I maintaining my relationship status?<br /><br /><span class=''blank''></span>', 'black', 0),
(1145, 'What''s the crustiest?<br /><br /><span class=''blank''></span>', 'black', 1),
(1146, 'In L.A. County Jail, word is you can trade 200 cigarettes for <span class=''blank''>__________</span>', 'black', 1),
(1147, 'After the earthquake, Sean Penn brought <span class=''blank''>__________</span> to the people of Haiti.', 'black', 0),
(1148, 'Instead of coal, Santa now gives the bad children <span class=''blank''>__________</span>', 'black', 0),
(1149, 'Life for American Indians was forever changed when the White Man introduced them to <span class=''blank''>__________</span>', 'black', 0),
(1150, 'What''s Teach for America using to inspire inner city students to succeed?<br /><br /><span class=''blank''></span>', 'black', 0),
(1151, 'Maybe she''s born with it. Maybe it''s <span class=''blank''>__________</span>', 'black', 0),
(1152, 'In Michael Jackson''s final moments, he thought about <span class=''blank''>__________</span>', 'black', 1),
(1153, 'White people like <span class=''blank''>__________</span>', 'black', 1),
(1154, 'Why do I hurt all over?<br /><br /><span class=''blank''></span>', 'black', 1),
(1155, 'A romantic, candlelit dinner would be incomplete without <span class=''blank''>__________</span>', 'black', 1),
(1156, 'What will I bring back in time to convince people that I am a powerful wizard?<br /><br /><span class=''blank''></span>', 'black', 0),
(1157, 'BILLY MAYS HERE FOR <span class=''blank''>__________</span>', 'black', 0),
(1158, 'The class field trip was completely ruined by <span class=''blank''>__________</span>', 'black', 1),
(1159, 'What''s a girl''s best friend?<br /><br /><span class=''blank''></span>', 'black', 0),
(1160, 'Dear Abby, I''m having some trouble with <span class=''blank''>__________</span> and would like your advice.', 'black', 0),
(1161, 'When I am President of the United States, I will create the Department of <span class=''blank''>__________</span>', 'black', 0),
(1162, 'What are my parents hiding from me?<br /><br /><span class=''blank''></span>', 'black', 1),
(1163, 'What never fails to liven up the party?<br /><br /><span class=''blank''></span>', 'black', 0),
(1164, 'What gets better with age?<br /><br /><span class=''blank''></span>', 'black', 0),
(1165, '<span class=''blank''>__________</span>: Good to the last drop.', 'black', 0),
(1166, 'I got 99 problems but <span class=''blank''>__________</span> ain''t one.', 'black', 0),
(1167, '<span class=''blank''>__________</span> It''s a trap!', 'black', 0),
(1168, 'MTV''s new reality show features eight washed-up celebrities living with <span class=''blank''>__________</span>', 'black', 1),
(1169, 'What would grandma find disturbing, yet oddly charming?<br /><br /><span class=''blank''></span>', 'black', 1),
(1170, 'What''s the most emo?<br /><br /><span class=''blank''></span>', 'black', 0),
(1171, 'During sex, I like to think about <span class=''blank''>__________</span>', 'black', 1),
(1172, 'What ended my last relationship?<br /><br /><span class=''blank''></span>', 'black', 0),
(1173, 'What''s that sound?<br /><br /><span class=''blank''></span>', 'black', 0),
(1174, '<span class=''blank''>__________</span><br /> That''s how I want to die.', 'black', 1),
(1175, 'Why am I sticky?<br /><br /><span class=''blank''></span>', 'black', 1),
(1176, 'What''s the next Happy Meal toy?<br /><br /><span class=''blank''></span>', 'black', 0),
(1177, 'What''s there a ton of in heaven?<br /><br /><span class=''blank''></span>', 'black', 0),
(1178, 'I do not know with what weapons World War III will be fought, but World War IV will be fought with <span class=''blank''>__________</span>', 'black', 0),
(1179, 'What will always get you laid?<br /><br /><span class=''blank''></span>', 'black', 1),
(1180, '<span class=''blank''>__________</span>: Kid-tested, mother-approved.', 'black', 0),
(1181, 'Why can''t I sleep at night?<br /><br /><span class=''blank''></span>', 'black', 0),
(1182, 'What''s that smell?<br /><br /><span class=''blank''></span>', 'black', 0),
(1183, 'What helps Obama unwind?<br /><br /><span class=''blank''></span>', 'black', 0),
(1184, 'This is the way the world ends / This is the way the world ends / Not with a bang but with <span class=''blank''>__________</span>', 'black', 0),
(1185, 'Coming to Broadway this season, <span class=''blank''>__________</span>: The Musical.', 'black', 0),
(1186, 'Anthropologists have recently discovered a primitive tribe that worships <span class=''blank''>__________</span>', 'black', 0),
(1187, 'But before I kill you, Mr. Bond, I must show you <span class=''blank''>__________</span>', 'black', 0),
(1188, 'Studies show that lab rats navigate mazes 50% faster after being exposed to <span class=''blank''>__________</span>', 'black', 0),
(1189, 'Next on ESPN2: The World Series of <span class=''blank''>__________</span>', 'black', 0),
(1190, 'When I am a billionaire, I shall erect a 50-foot statue to commemorate <span class=''blank''>__________</span>', 'black', 0),
(1191, 'In an attempt to reach a wider audience, the Smithsonian Museum of Natural History has opened an interactive exhibit on <span class=''blank''>__________</span>', 'black', 0),
(1192, 'War! What is it good for?<br /><br /><span class=''blank''></span>', 'black', 0),
(1193, 'What gives me uncontrollable gas?<br /><br /><span class=''blank''></span>', 'black', 1),
(1194, 'What do old people smell like?<br /><br /><span class=''blank''></span>', 'black', 1),
(1195, 'What am I giving up for Lent?<br /><br /><span class=''blank''></span>', 'black', 0),
(1196, 'Alternative medicine is now embracing the curative powers of <span class=''blank''>__________</span>', 'black', 0),
(1197, 'What did the US airdrop to the children of Afghanistan?<br /><br /><span class=''blank''></span>', 'black', 1),
(1198, 'What does Dick Cheney prefer?<br /><br /><span class=''blank''></span>', 'black', 0),
(1199, 'During Picasso''s often-overlooked Brown Period, he produced hundreds of paintings of <span class=''blank''>__________</span>', 'black', 1),
(1200, 'What don''t you want to find in your Chinese food?<br /><br /><span class=''blank''></span>', 'black', 0),
(1201, 'I drink to forget <span class=''blank''>__________</span>', 'black', 1),
(1202, '<span class=''blank''>__________</span><br /> High five, bro.', 'black', 0),
(1203, 'He who controls <span class=''blank''>__________</span> controls the world.', 'black', 0),
(1204, 'The CIA now interrogates enemy agents by repeatedly subjecting them to <span class=''blank''>__________</span>', 'black', 0),
(1205, 'In Rome, there are whisperings that the Vatican has a secret room devoted to <span class=''blank''>__________</span>', 'black', 1),
(1206, 'Science will never explain the origin of<span class=''blank''> __________</span>', 'black', 0),
(1207, 'When all else fails, I can always masturbate to <span class=''blank''>__________</span>', 'black', 1),
(1208, 'I learned the hard way that you can''t cheer up a grieving friend with <span class=''blank''>__________</span>', 'black', 0),
(1209, 'In its new tourism campaign, Detroit proudly proclaims that it has finally eliminated <span class=''blank''>__________</span>', 'black', 0),
(1210, 'The socialist governments of Scandinavia have declared that access to <span class=''blank''>__________</span> is a basic human right.', 'black', 0),
(1211, 'In his new self-produced album, Kanye West raps over the sounds of <span class=''blank''>__________</span>', 'black', 0),
(1212, 'What''s the gift that keeps on giving?<br /><br /><span class=''blank''></span>', 'black', 0),
(1213, 'This season on Man vs. Wild, Bear Grylls must survive in the depths of the Amazon with only <span class=''blank''>__________</span> and his wits. ', 'black', 0),
(1214, 'When I pooped, what came out of my butt?<br /><br /><span class=''blank''></span>', 'black', 1),
(1215, 'In the distant future, historians will agree that <span class=''blank''>__________</span> marked the beginning of America''s decline.', 'black', 0),
(1216, 'What has been making life difficult at the nudist colony?<br /><br /><span class=''blank''></span>', 'black', 1),
(1217, 'And I would have gotten away with it, too, if it hadn''t been for <span class=''blank''>__________</span>', 'black', 0),
(1218, 'What brought the orgy to a grinding halt?<br /><br /><span class=''blank''></span>', 'black', 1),
(1222, 'That''s right, I killed __________. How, you ask? __________.', 'multi', 1),
(1223, 'And the Academy Award for __________ goes to __________.', 'multi', 1),
(1224, 'For my next trick, I will pull __________ out of __________.', 'multi', 1),
(1225, 'In his new summer comedy, Rob Schneider is __________ trapped in the body of __________.', 'multi', 1),
(1226, 'When I was tripping on acid, __________ turned into __________.', 'multi', 1),
(1227, '__________ is a slippery slope that leads to __________.', 'multi', 1),
(1228, 'In a world ravaged by __________, our only solace is __________.', 'multi', 1),
(1229, 'In M. Night Shyamalan''s new movie, Bruce Willis discovers that __________ had really been __________ all along.', 'multi', 1),
(1230, 'I never truly understood __________ until I encountered __________.', 'multi', 1),
(1231, 'Rumor has it that Vladimir Putin''s favorite dish is __________ stuffed with __________.', 'multi', 1),
(1232, 'Lifetime® presents __________, the story of __________.', 'multi', 1),
(1233, 'What''s the next superhero/sidekick duo?<br /><br /><span class=''blank''></span>', 'multi', 1);

-- --------------------------------------------------------

--
-- Table structure for table `chat`
--

CREATE TABLE IF NOT EXISTS `chat` (
  `id` int(10) NOT NULL AUTO_INCREMENT,
  `message` varchar(100) NOT NULL,
  `player` varchar(16) NOT NULL,
  `room` int(7) NOT NULL,
  `viewed` int(1) NOT NULL DEFAULT '0',
  PRIMARY KEY (`id`)
) ENGINE=InnoDB  DEFAULT CHARSET=latin1 AUTO_INCREMENT=3 ;

--
-- Dumping data for table `chat`
--

INSERT INTO `chat` (`id`, `message`, `player`, `room`, `viewed`) VALUES
(1, 'Hi', 'mark', 15, 0),
(2, 'Hey', 'jim', 16, 0);

-- --------------------------------------------------------

--
-- Table structure for table `players`
--

CREATE TABLE IF NOT EXISTS `players` (
  `id` int(10) NOT NULL AUTO_INCREMENT,
  `name` varchar(16) NOT NULL,
  `score` int(2) NOT NULL DEFAULT '0',
  `room` int(7) NOT NULL COMMENT 'FK to room.id',
  `last_action` int(10) NOT NULL,
  `played` int(1) NOT NULL COMMENT '0 for false, 1 for true',
  PRIMARY KEY (`id`),
  UNIQUE KEY `name` (`name`)
) ENGINE=InnoDB  DEFAULT CHARSET=latin1 AUTO_INCREMENT=79 ;

-- --------------------------------------------------------

--
-- Table structure for table `reports`
--

CREATE TABLE IF NOT EXISTS `reports` (
  `id` int(7) NOT NULL AUTO_INCREMENT,
  `content` varchar(1500) NOT NULL,
  `points` int(7) NOT NULL DEFAULT '0',
  PRIMARY KEY (`id`)
) ENGINE=InnoDB  DEFAULT CHARSET=latin1 AUTO_INCREMENT=17 ;

--
-- Dumping data for table `reports`
--

INSERT INTO `reports` (`id`, `content`, `points`) VALUES
(15, 'Along with dragging white cards, let the user double click the card as another option to play it.', 1),
(16, 'Detect the browser type so mobile users don''t need to drag cards', 0);

-- --------------------------------------------------------

--
-- Table structure for table `room`
--

CREATE TABLE IF NOT EXISTS `room` (
  `id` int(9) NOT NULL AUTO_INCREMENT,
  `type` int(2) NOT NULL DEFAULT '1' COMMENT '0 for safe, 1 for adult',
  PRIMARY KEY (`id`)
) ENGINE=InnoDB  DEFAULT CHARSET=latin1 AUTO_INCREMENT=17 ;

--
-- Dumping data for table `room`
--

INSERT INTO `room` (`id`, `type`) VALUES
(15, 0),
(16, 0);

/*!40101 SET CHARACTER_SET_CLIENT=@OLD_CHARACTER_SET_CLIENT */;
/*!40101 SET CHARACTER_SET_RESULTS=@OLD_CHARACTER_SET_RESULTS */;
/*!40101 SET COLLATION_CONNECTION=@OLD_COLLATION_CONNECTION */;
